"Marca temporal","¿De qué parte de Cuba proviene?","¿De qué municipio?","¿Ha usted emigrado (ya sea de forma nacional o Internacional)?","¿Cómo fue su emigración?","Especifique su edad y género ","¿Qué le motivó a emigrar?","¿Donde vive actualmente?. Especifique país y ciudad.","¿Cuánto tiempo lleva viviendo en su nuevo hogar?","¿Tiene hijos?","¿Le gustaría regresar a vivir a su lugar de origen en el futuro? ¿Por qué?","¿Planea usted emigrar en un futuro cercano?","¿Hacia dónde?","¿A qué provincia planea mudarse? ¿Por qué?","¿A qué país planea mudarse.?¿Por qué?","Dónde vive actualmente?","¿Qué le motivó a salir de su lugar de origen?","¿Planea regresar a su tierra? ¿Por qué?","Especifique su edad y género ","¿Tiene hijos?"
"2024/03/29 8:45:10 p.m. GMT-4","La Habana","Centro Habana ","No","","","","","","","","Sí","Algún lugar fuera de Cuba","","","","","","",""
"2024/03/29 9:01:09 p.m. GMT-4","La Habana","Centro Habana ","Sí","Hacia el extranjero","Si","Economía","EEUU","2 años","No","No , falta de oportunidades ","","","","","","","","",""
"2024/03/29 9:05:44 p.m. GMT-4","La Habana","Centro Habana ","No","","","","","","","","Sí","Algún lugar fuera de Cuba","","España, tengo familia allá ","","","","",""
"2024/03/29 9:25:22 p.m. GMT-4","La Habana","Centro Habana ","No","","","","","","","","Sí","Algún lugar fuera de Cuba","","Estados Unidos ","","","","",""
"2024/03/29 9:26:34 p.m. GMT-4","La Habana","Centro Habana ","No","","","","","","","","Sí","Algún lugar fuera de Cuba","","Estados Unidos ","","","","",""
"2024/03/29 9:31:02 p.m. GMT-4","Pinar del Río","Viñales","No","","","","","","","","Sí","Algún lugar fuera de Cuba","","Alemania","","","","",""
"2024/03/29 9:34:49 p.m. GMT-4","La Habana","San Miguel del Padrón ","No","","","","","","","","Sí","Algún lugar fuera de Cuba","","España porque en ese país vive el amor de mi vida y tengo la intención de casarme con ella en el futuro.","","","","",""
"2024/03/29 9:35:10 p.m. GMT-4","Cienfuegos","Cienfuegos","Sí","Hacia otra provincia","","","","","","","","","","","La Habana","Educación y superación","No, por dificultades laborales","20","No"
"2024/03/29 9:37:55 p.m. GMT-4","La Habana","Plaza","No","","","","","","","","Sí","Algún lugar fuera de Cuba","","España , buscando nuevas oportunidades ","","","","",""
"2024/03/29 9:38:02 p.m. GMT-4","Matanzas","Martí ","Sí","Hacia otra provincia","","","","","","","","","","","La Habana","Educación y superación","No porque aquí tengo más posibilidades ","22","No"
"2024/03/29 9:39:04 p.m. GMT-4","La Habana","Cerro","No","","","","","","","","Sí","Algún lugar fuera de Cuba","","Cualquiera. La cuestión es salir","","","","",""
"2024/03/29 9:43:32 p.m. GMT-4","Pinar del Río","Consolación del Sur","Sí","Hacia otra provincia","","","","","","","","","","","La Habana","Educación y superación","No, se pasa trabajo como en toda Cuba","32 Mujer","Sí"
"2024/03/29 9:47:16 p.m. GMT-4","La Habana","Guanabacoa","No","","","","","","","","Sí","Algún lugar fuera de Cuba","","Reino Unido. Motivos académicos, post grado","","","","",""
"2024/03/29 9:49:32 p.m. GMT-4","La Habana","La Habana","Sí","Hacia otra provincia","","","","","","","","","","","Matanzas","Cuestiones personales","Si, motivos laborales","20, Masculino","No"
"2024/03/29 9:52:18 p.m. GMT-4","La Habana","Plaza","No","","","","","","","","No","","","","","","","",""
"2024/03/29 9:55:09 p.m. GMT-4","La Habana","Plaza","No","","","","","","","","No","","","","","","","",""
"2024/03/29 9:59:45 p.m. GMT-4","Holguín","Moa","Sí","Hacia otra provincia","","","","","","","","","","","Pinar del Río","Economía;Trabajo y perspectivas laborales;Cuestiones personales;Salud;Mi abuelo tenia una finca en Viñales y el money money lo perseguía","Ufff, nada más de visita","25, masculino","No"
"2024/03/29 10:00:10 p.m. GMT-4","La Habana","Playa","No","","","","","","","","Sí","Algún lugar fuera de Cuba","","España, de los destinos frecuentes es el más conveniente. Más familia allí y además tengo la nacionalidad ","","","","",""
"2024/03/29 10:03:28 p.m. GMT-4","La Habana","Plaza","No","","","","","","","","No","","","","","","","",""
"2024/03/29 10:15:05 p.m. GMT-4","La Isla de la Juventud","Nueva Gerona","Sí","Hacia el extranjero","45, femenino","Aprendizaje de idiomas;Educación y superación;Trabajo y perspectivas laborales;Cuestiones familiares o de pareja;Economía;Cuestiones personales","Houston. Texas. EEUU","10 años","Sí","Nooo, hasta que no caiga el comunismo cochino","","","","","","","","",""
"2024/03/29 10:15:31 p.m. GMT-4","La Habana","Centro Habana ","No","","","","","","","","Sí","Algún lugar fuera de Cuba","","EEUU , economía y oportunidades.","","","","",""
"2024/03/29 10:18:15 p.m. GMT-4","La Habana","Cerro","No","","","","","","","","Sí","Algún lugar fuera de Cuba","","España ","","","","",""
"2024/03/29 10:28:12 p.m. GMT-4","Mayabeque","Quivicán","Sí","Hacia otra provincia","","","","","","","","","","","La Habana","Educación y superación","Cuando termine los estudios o me canse de ellos","19 años,  masculino ","No"
"2024/03/29 10:30:13 p.m. GMT-4","La Habana","Cerro","No","","","","","","","","No","","","","","","","",""
"2024/03/29 10:44:46 p.m. GMT-4","Matanzas","Matanzas","No","","","","","","","","No","","","","","","","",""
"2024/03/29 10:59:58 p.m. GMT-4","La Habana","Habana del Este ","No","","","","","","","","Sí","Algún lugar fuera de Cuba","","Estados unidos ","","","","",""
"2024/03/29 11:14:53 p.m. GMT-4","La Habana","Boyeros","Sí","Hacia otra provincia","","","","","","","","","","","La Habana","Turismo","","19 masculino","No"
"2024/03/29 11:18:02 p.m. GMT-4","Matanzas","Jovellanos ","No","","","","","","","","Sí","Algún lugar fuera de Cuba","","Tal vez algún país de europa, realmente no sé a cuál país, siempre he querido conocer el mundo y descubrir cuál es mi lugar","","","","",""
"2024/03/29 11:19:24 p.m. GMT-4","La Habana","San Miguel del Padron","Sí","Hacia el extranjero","41/M","Politica/PCC","Miami/USA","2 años","No","Si, solo despues que no este el PCC en el poder.Cuba es mi pais","","","","","","","","",""
"2024/03/29 11:22:05 p.m. GMT-4","Pinar del Río","Consolación del Sur ","Sí","Hacia otra provincia","","","","","","","","","","","La Habana","Educación y superación","No creo en La Habana ahí mayor demanda de la carrera que estudio y esto me traería ventajas para un mejor futuro","18 años Femenino ","No"
"2024/03/29 11:23:38 p.m. GMT-4","La Habana","Playa","No","","","","","","","","Sí","Algún lugar fuera de Cuba","","España. Por las raíces y la situación económica ","","","","",""
"2024/03/29 11:39:21 p.m. GMT-4","La Habana","Centro Habana ","No","","","","","","","","Sí","Algún lugar fuera de Cuba","","Xq sí ","","","","",""
"2024/03/30 12:04:35 a.m. GMT-4","Camagüey","Esmeralda","No","","","","","","","","Sí","Otra provincia","A la Habana, imagine, si la cosa esta mala por allá que podemos decir aquí en Camagüey. Mi único consuelo era que todavía en Cascorro habían cremitas de leche, ya ni eso. Y digo La Habana porque es lo que tengo cerca y pronto chico","","","","","",""
"2024/03/30 12:20:07 a.m. GMT-4","Pinar del Río","San Luis ","Sí","Hacia otra provincia","","","","","","","","","","","Pinar del Río","Cuestiones personales","Actualmente vivo en mi tierra","39 masculino ","Sí"
"2024/03/30 1:29:44 a.m. GMT-4","La Habana","Habana Vieja","Sí","Hacia el extranjero","Hombre 52 años ","Politico","USA","9 años ","Sí","No, por qué no soporta vivir en una sociedad socialista o comunista","","","","","","","","",""
"2024/03/30 1:42:28 a.m. GMT-4","Guantánamo","Baracoa","No","","","","","","","","Sí","Algún lugar fuera de Cuba","","USA. Porque hay mejores posibilidades","","","","",""
"2024/03/30 1:47:33 a.m. GMT-4","La Habana","Habana Vieja","Sí","Hacia el extranjero","39 femenina","No soporte la Vida en un país comunista y dictador","Phoenix Az USA","9 años ","Sí","No. Porque esa dictadura no se cae ","","","","","","","","",""
"2024/03/30 3:21:58 a.m. GMT-4","La Habana","Playa","No","","","","","","","","No","","","","","","","",""
"2024/03/30 3:35:52 a.m. GMT-4","La Habana","Centro Habana ","Sí","Hacia el extranjero","19 años, mujer","Cuestiones familiares o de pareja","España ","5 años ","No","No lo sé, la situación en Cuba está muy complicada y ya he hecho mi vida en España. Posiblemente regrese pero para visitar familiares.","","","","","","","","",""
"2024/03/30 4:31:47 a.m. GMT-4","La Habana","La Habana Vieja","Sí","Hacia el extranjero","18, mujer ","Educación y superación;Trabajo y perspectivas laborales;Economía;Cuestiones personales","Phoenix Arizona","9 años ","No","No, un país comunista ","","","","","","","","",""
"2024/03/30 4:45:09 a.m. GMT-4","La Habana","Centro Habana ","Sí","Hacia el extranjero","40 años (femenina)","Cuestiones personales","Francia , Paris ","14 años","Sí","Si me encantaría , Cuba es única en el mundo .","","","","","","","","",""
"2024/03/30 6:55:50 a.m. GMT-4","La Habana","Boyeros","Sí","Hacia el extranjero","36 años , Masculino ","Cuestiones personales","Miami. USA ","10 años ","Sí","No ","","","","","","","","",""
"2024/03/30 7:19:08 a.m. GMT-4","Holguín","Holguín ","No","","","","","","","","Sí","Algún lugar fuera de Cuba","","Estados Unidos ","","","","",""
"2024/03/30 7:59:37 a.m. GMT-4","Matanzas","Cardenas","No","","","","","","","","Sí","Algún lugar fuera de Cuba","","Estados unidos, para estar con mi bella familia q todos estan ahi","","","","",""
"2024/03/30 9:05:32 a.m. GMT-4","Santiago de Cuba","Contramaestre","No","","","","","","","","Sí","Algún lugar fuera de Cuba","","USA","","","","",""
"2024/03/30 9:09:51 a.m. GMT-4","Artemisa","Artemisa ","No","","","","","","","","Sí","Algún lugar fuera de Cuba","","Estados Unidos , reunificación familiar ","","","","",""
"2024/03/30 9:37:54 a.m. GMT-4","La Habana","Guanabacoa","Sí","Hacia el extranjero","Edad 23 Género femenino","Aprendizaje de idiomas;Educación y superación;Trabajo y perspectivas laborales;Economía;Cuestiones personales","Hialeah Florida EEUU ","Un año y 5 meses ","No","No","","","","","","","","",""
"2024/03/30 9:55:11 a.m. GMT-4","La Habana","Centro Habana","Sí","Hacia el extranjero","20 femenino ","Educación y superación;Trabajo y perspectivas laborales;Economía;Cuestiones personales;Salud","Miami, Estados Unidos ","2 años","No","No","","","","","","","","",""
"2024/03/30 10:34:52 a.m. GMT-4","La Habana","Centro habana ","No","","","","","","","","Sí","Algún lugar fuera de Cuba","","Mexico. Familia","","","","",""
"2024/03/30 10:59:34 a.m. GMT-4","Granma","Bayamo","Sí","Hacia otra provincia","","","","","","","","","","","La Habana","Educación y superación;Cuestiones familiares o de pareja;Economía","No, para qué,  ahí no hay nada.","19, femenina ","No"
"2024/03/30 11:20:08 a.m. GMT-4","La Habana","Diez de Octubre","Sí","Hacia el extranjero","17, masculino","Educación y superación;Cuestiones familiares o de pareja;Economía;Cuestiones personales;Mi mamá vivia en los Estados Unidos y me puso la reclamacion. Aparte Cuba no es lo mas parecido en el mundo a 1984 porque existe Norcorea.","Miami, USA","3 años","No","Sí la situación fuese diferente Sí. No hay nada como la tierra de uno","","","","","","","","",""
"2024/03/30 11:21:26 a.m. GMT-4","Villa Clara","Camajuani","Sí","Hacia el extranjero","Hembra 26","El gibierno( dictadura )","Estados Unidos ( Texas )","5","No","Solo si existiera un cambio de gobierno y no tuviera nada que ver, con ideales comunistas o socialistas y aún así lo pensara. ","","","","","","","","",""
"2024/03/30 1:19:18 p.m. GMT-4","La Habana","Habana del este","No","","","","","","","","Sí","Algún lugar fuera de Cuba","","España","","","","",""
"2024/03/30 1:40:43 p.m. GMT-4","La Habana","Centro Habana ","Sí","Hacia otra provincia","","","","","","","","","","","La Habana","","","31 ; Mujer ","Sí"
"2024/03/30 2:02:01 p.m. GMT-4","La Habana","Cotorro","No","","","","","","","","Sí","Algún lugar fuera de Cuba","","Cualquier pais de Europa... Porque me gustan las culturas d esos paises","","","","",""
"2024/03/30 2:07:22 p.m. GMT-4","La Habana","Cotorro ","Sí","Hacia otra provincia","","","","","","","","","","","La Habana","Cuestiones personales","","Femenino 20 años  ","No"
"2024/03/30 2:46:29 p.m. GMT-4","La Habana","Centro Habana ","No","","","","","","","","Sí","Algún lugar fuera de Cuba","","Estadis Unidos","","","","",""
"2024/03/30 2:50:39 p.m. GMT-4","Pinar del Río","Los palacios ","Sí","Hacia el extranjero","50 años, femenino","Economía","EU, Florida","3 años","Sí","Regresar puede ser solo con un cambio político. ","","","","","","","","",""
"2024/03/30 3:14:47 p.m. GMT-4","La Habana","Centro Habana ","No","","","","","","","","No","","","","","","","",""
"2024/03/30 3:17:16 p.m. GMT-4","Guantánamo","Baracoa","No","","","","","","","","Sí","Algún lugar fuera de Cuba","","A cualquiera dónde se me de la posibilidad, por un futuro mejor y poder vivir con dignidad","","","","",""
"2024/03/30 3:37:31 p.m. GMT-4","La Habana","Centro Habana","Sí","Hacia el extranjero","33","Educación y superación;Trabajo y perspectivas laborales;Economía","Madrid, España ","2 años y 5 meses","No","No me gustaría. ","","","","","","","","",""
"2024/03/30 3:43:13 p.m. GMT-4","Holguín","Banes","No","","","","","","","","Sí","Algún lugar fuera de Cuba","","A España o Estados Unidos  ,para darle mejor vida a mi hija y espos ","","","","",""
"2024/03/30 3:44:25 p.m. GMT-4","Santiago de Cuba","El COBRE","Sí","Hacia otra provincia","","","","","","","","","","","Mayabeque","Trabajo y perspectivas laborales","No , ya forme mi familia aquí y para atrás ni para coger impulso, en todo caso seguiria emigrando pero para otro país en busca de mejorar la economía y tener una vejez digna. ","Fenenino 42 años","Sí"
"2024/03/30 4:02:54 p.m. GMT-4","Las Tunas","Colombia ","Sí","Hacia otra provincia","","","","","","","","","","","La Habana","Economía;Trabajo y perspectivas laborales","","47 M","No"
"2024/03/30 4:51:29 p.m. GMT-4","La Habana","10 de Octubre","No","","","","","","","","Sí","Algún lugar fuera de Cuba","","España","","","","",""
"2024/03/30 5:28:24 p.m. GMT-4","La Habana","10 de octubre ","Sí","Hacia el extranjero","33 y Masculino ","Economía","España, Madrid ","3 años","No","No ","","","","","","","","",""
"2024/03/30 5:40:14 p.m. GMT-4","La Habana","Cerro","Sí","Hacia el extranjero","18 M","Trabajo y perspectivas laborales;Economía;Cuestiones personales","Montevideo, Uruguay ","18 días ","No","No","","","","","","","","",""
"2024/03/30 5:48:22 p.m. GMT-4","La Habana","Playa","Sí","Hacia el extranjero","33. Masculino","Trabajo y perspectivas laborales;Economía;Cuestiones personales;Huyendo del Comunismo","USA - Miami","8 años","Sí","No. El deterioro mental no tiene arreglo a corto plazo ni aunque el comunismo desaparezca ","","","","","","","","",""
"2024/03/30 6:24:20 p.m. GMT-4","Holguín","SAGUA de Tanamo","Sí","Hacia el extranjero","33- F","Trabajo y perspectivas laborales;Cuestiones familiares o de pareja;Economía;Cuestiones personales","Madrid España ","4 años y medio","No","No, no volvería a vivir en Cuba. Solo visitar a mi familia. ","","","","","","","","",""
"2024/03/30 6:39:49 p.m. GMT-4","La Habana","Plaza de la Revolución","Sí","Hacia el extranjero","33, masculino","Educación y superación;Trabajo y perspectivas laborales;Economía","Chile, Santiago de Chile","5 años","No","Si","","","","","","","","",""
"2024/03/30 6:46:00 p.m. GMT-4","Granma","Bayamo","Sí","Hacia otra provincia","","","","","","","","","","","Artemisa","Cuestiones familiares o de pareja;Economía;Trabajo y perspectivas laborales;Cuestiones personales","Solo de visita","54, femenino","Sí"
"2024/03/30 6:49:46 p.m. GMT-4","Pinar del Río","Viñales","No","","","","","","","","Sí","Otra provincia","A La Habana. Quiero estudiar física nuclear y allá tengo unas tías","","","","","",""
"2024/03/30 7:07:19 p.m. GMT-4","La Habana","Cerro","Sí","Hacia el extranjero","32, femenino","Cuestiones familiares o de pareja","Estados Unidos","8 años ","Sí","No, porque mi hogar está en el país que me ayudó a superarme y mejorar, no en mi país de origen. ","","","","","","","","",""
"2024/03/30 8:24:32 p.m. GMT-4","La Habana","Centro habana","Sí","Hacia el extranjero","33, masculino","Economía","Miami, Florida, USA","1 año","No","No, creando un futuro ","","","","","","","","",""
"2024/03/30 8:44:26 p.m. GMT-4","La Habana","Plaza","Sí","Hacia el extranjero","29 años F","Educación y superación;Trabajo y perspectivas laborales;Economía","Canadá","Meses","No","No, tristemente. No veo estabilidad ni perspectivas de desarrollo allá. ","","","","","","","","",""
"2024/03/30 8:58:51 p.m. GMT-4","La Habana","Centro Habana","Sí","Hacia el extranjero","Hombre, 34","Educación y superación;Trabajo y perspectivas laborales","Argentina, ahora Canadá","8 años en Argentina, 1 semana en Canada","No","No","","","","","","","","",""
"2024/03/30 10:24:29 p.m. GMT-4","La Habana","Centro Habana ","Sí","Hacia otra provincia","","","","","","","","","","","La Habana","Economía","Solo a ver a la familia y llevar comida
","55 mujer ","Sí"
"2024/03/30 10:38:15 p.m. GMT-4","La Habana","La Habana del Este","No","","","","","","","","No","","","","","","","",""
"2024/03/30 10:45:52 p.m. GMT-4","La Habana","Centro Habana ","No","","","","","","","","No","","","","","","","",""
"2024/03/31 8:44:16 a.m. GMT-4","La Habana","Centro Habana ","No","","","","","","","","Sí","Algún lugar fuera de Cuba","","Canada , me gusta ","","","","",""
"2024/03/31 3:09:56 p.m. GMT-4","Pinar del Río","Los Palacios ","Sí","Hacia otra provincia","","","","","","","","","","","La Habana","Educación y superación","","18, masculino","No"
"2024/03/31 4:20:57 p.m. GMT-4","La Habana","Guanabacoa ","No","","","","","","","","Sí","Algún lugar fuera de Cuba","","Donde sea, las necesidades que se viven aquí ","","","","",""
"2024/03/31 5:18:04 p.m. GMT-4","La Habana","Centro Habana","No","","","","","","","","Sí","Algún lugar fuera de Cuba","","Estado Unidos, en busca de oportunidades","","","","",""
"2024/03/31 5:37:02 p.m. GMT-4","Camagüey","Florida","Sí","Hacia el extranjero","31 femenino","Trabajo y perspectivas laborales","España, Gijón ","1 año y medio ","No","No, Cuba cada vez está peor, con una economía que no mejora ni tiene perspectivas de mejorar y todas los servicios de los cuales nos sentíamos orgullosos y presumíamos a nivel mundial como salud, educación y deporte han caído en decadencia ","","","","","","","","",""
"2024/04/01 5:07:06 p.m. GMT-4","Cienfuegos","Palmira","No","","","","","","","","No","","","","","","","",""
"2024/04/01 5:10:58 p.m. GMT-4","La Habana","Centro Habana","No","","","","","","","","Sí","Algún lugar fuera de Cuba","","EEEU. Oportunidad, Empleo y Estilo de Vida","","","","",""
"2024/04/01 5:15:22 p.m. GMT-4","La Habana","La Habana del Este","No","","","","","","","","Sí","Algún lugar fuera de Cuba","","USA... Ahí tengo familia y la oportunidad de lograr grandes metas como ejercer mi profesión y tener un futuro prometedor...","","","","",""
"2024/04/01 5:33:57 p.m. GMT-4","La Habana","Guanabacoa ","No","","","","","","","","Sí","Algún lugar fuera de Cuba","","Estados Unidos ","","","","",""
"2024/04/01 5:39:02 p.m. GMT-4","Matanzas","Matanzas","No","","","","","","","","No","","","","","","","",""
"2024/04/01 6:12:35 p.m. GMT-4","Mayabeque","Quivicán ","Sí","Hacia otra provincia","","","","","","","","","","","La Habana","Educación y superación","Volver con mi familia ","19 años, masculino ","No"
"2024/04/01 9:23:53 p.m. GMT-4","La Habana","Playa ","No","","","","","","","","Sí","Algún lugar fuera de Cuba","","España o Estados Unidos porque son los que tengo más posibilidades de ir","","","","",""
"2024/04/02 8:54:34 a.m. GMT-4","La Habana","Cojímar ","No","","","","","","","","No","","","","","","","",""
"2024/04/02 4:17:06 p.m. GMT-4","La Habana","10 de Octubre ","No","","","","","","","","Sí","Algún lugar fuera de Cuba","","Estados Unidos ","","","","",""
"2024/04/02 10:38:19 p.m. GMT-4","La Habana","Playa","No","","","","","","","","Sí","Algún lugar fuera de Cuba","","Al que sea que la cosa aqui ta mala","","","","",""
"2024/04/03 1:26:02 a.m. GMT-4","La Habana","playa","No","","","","","","","","Sí","Algún lugar fuera de Cuba","","eeuu","","","","",""
"2024/04/03 7:11:00 a.m. GMT-4","La Habana","San Miguel del padrón ","Sí","Hacia el extranjero","68 años femenino","Cuestiones familiares o de pareja","EEUU florida","20 años ","","No me gustaría ","","","","","","","","",""
"2024/04/03 4:15:41 p.m. GMT-4","La Habana","10 de Octubre ","Sí","Hacia el extranjero","27 años mujer","Economía","Estados Unidos ","1 año","No","No","No","","","","","","","",""
"2024/04/05 7:34:49 p.m. GMT-4","Villa Clara","Placetas","No","","","","","","","","Sí","Algún lugar fuera de Cuba","","","","","","",""
"2024/04/05 9:11:30 p.m. GMT-4","Pinar del Río","Minas de matahambre ","No","","","","","","","","Sí","Algún lugar fuera de Cuba","","Estados unidos ","","","","",""